Postcode,Suburb,ID_Domain,medianSoldPrice,numberSold,highestSoldPrice,lowestSoldPrice,5thPercentileSoldPrice,25thPercentileSoldPrice,75thPercentileSoldPrice,95thPercentileSoldPrice,medianSaleListingPrice,numberSaleListing,highestSaleListingPrice,lowestSaleListingPrice,auctionNumberAuctioned,auctionNumberSold,medianRentListingPrice,numberRentListing,highestRentListingPrice,lowestRentListingPrice
3040,Aberfeldie,647,1338000.0,34.0,3400000.0,470000.0,733000.0,875000.0,1825000.0,2222000.0,1300000.0,85.0,4400000.0,289000.0,17.0,9.0,515.0,114.0,1000.0,275.0
3042,Airport West,757,1058000.0,19.0,1775000.0,695000.0,695000.0,901000.0,1242000.0,1775000.0,985000.0,41.0,2900000.0,640000.0,11.0,9.0,470.0,31.0,1000.0,280.0
3021,Albanvale,787,600000.0,65.0,1550000.0,385000.0,422000.0,540000.0,685000.0,1100000.0,600000.0,186.0,1460000.0,355000.0,3.0,2.0,358.0,174.0,1200.0,200.0
3020,Albion,837,600000.0,22.0,765000.0,417000.0,500000.0,540000.0,659000.0,699000.0,600000.0,70.0,1100000.0,400000.0,4.0,2.0,375.0,96.0,550.0,300.0
3078,Alphington,1047,1302000.0,14.0,1811000.0,725000.0,725000.0,958000.0,1515000.0,1811000.0,1275000.0,31.0,2600000.0,870000.0,6.0,5.0,588.0,42.0,1100.0,280.0
3143,Armadale,1587,2548000.0,12.0,12150000.0,1500000.0,1500000.0,1585000.0,4600000.0,12150000.0,3000000.0,30.0,8500000.0,399000.0,3.0,2.0,750.0,56.0,2400.0,330.0
3147,Ashburton,1787,1210000.0,10.0,1700000.0,775000.0,775000.0,1045000.0,1375000.0,1700000.0,1125000.0,33.0,2100000.0,800000.0,4.0,1.0,530.0,45.0,950.0,320.0
3147,Ashwood,1807,1210000.0,10.0,1700000.0,775000.0,775000.0,1045000.0,1375000.0,1700000.0,1125000.0,33.0,2100000.0,800000.0,4.0,1.0,530.0,45.0,950.0,320.0
3049,Attwood,1857,599000.0,21.0,765000.0,470000.0,480000.0,518000.0,630000.0,730000.0,580000.0,44.0,900000.0,382000.0,5.0,5.0,393.0,30.0,500.0,260.0
3034,Avondale Heights,1957,848000.0,22.0,1275000.0,690000.0,693000.0,750000.0,900000.0,1185000.0,850000.0,45.0,2590000.0,605000.0,6.0,4.0,430.0,54.0,695.0,300.0
3104,Balwyn North,2597,2090000.0,53.0,4600000.0,1050000.0,1369000.0,1640000.0,2580000.0,4250000.0,1850000.0,102.0,6450000.0,719000.0,7.0,2.0,605.0,84.0,2500.0,395.0
3153,Bayswater,3337,709000.0,26.0,980000.0,485000.0,535000.0,617000.0,780000.0,900000.0,700000.0,47.0,1150000.0,80000.0,2.0,1.0,410.0,17.0,610.0,310.0
3153,Bayswater North,3387,709000.0,26.0,980000.0,485000.0,535000.0,617000.0,780000.0,900000.0,700000.0,47.0,1150000.0,80000.0,2.0,1.0,410.0,17.0,610.0,310.0
3193,Beaumaris,3547,1860000.0,15.0,3100000.0,860000.0,860000.0,1575000.0,2830000.0,3100000.0,1800000.0,27.0,3200000.0,750000.0,8.0,6.0,745.0,23.0,1250.0,395.0
3165,Bentleigh East,4127,1181000.0,60.0,1727000.0,675000.0,770000.0,1030000.0,1325000.0,1468000.0,1150000.0,115.0,1980000.0,380000.0,7.0,5.0,590.0,144.0,1200.0,375.0
3193,Black Rock,4627,1860000.0,15.0,3100000.0,860000.0,860000.0,1575000.0,2830000.0,3100000.0,1800000.0,27.0,3200000.0,750000.0,8.0,6.0,745.0,23.0,1250.0,395.0
3130,Blackburn,4637,1086000.0,20.0,1731000.0,805000.0,805000.0,960000.0,1207000.0,1350000.0,1000000.0,39.0,1550000.0,690000.0,10.0,7.0,480.0,33.0,780.0,149.0
3130,Blackburn North,4657,1086000.0,20.0,1731000.0,805000.0,805000.0,960000.0,1207000.0,1350000.0,1000000.0,39.0,1550000.0,690000.0,10.0,7.0,480.0,33.0,780.0,149.0
3130,Blackburn South,4667,1086000.0,20.0,1731000.0,805000.0,805000.0,960000.0,1207000.0,1350000.0,1000000.0,39.0,1550000.0,690000.0,10.0,7.0,480.0,33.0,780.0,149.0
3196,Bonbeach,5007,925000.0,21.0,3800000.0,600000.0,623000.0,750000.0,1202000.0,1717000.0,830000.0,34.0,3900000.0,499000.0,2.0,2.0,550.0,35.0,850.0,320.0
3155,Boronia,5327,681000.0,62.0,1940000.0,500000.0,520000.0,615000.0,742000.0,863000.0,673000.0,137.0,1600000.0,350000.0,19.0,12.0,400.0,80.0,610.0,330.0
3128,Box Hill,5477,1076000.0,12.0,1950000.0,785000.0,785000.0,950000.0,1400000.0,1950000.0,1204000.0,35.0,4000000.0,756000.0,5.0,3.0,495.0,44.0,1100.0,165.0
3129,Box Hill North,5547,1338000.0,14.0,1733000.0,901000.0,901000.0,966000.0,1438000.0,1733000.0,1400000.0,35.0,2800000.0,795000.0,4.0,3.0,550.0,23.0,1000.0,390.0
3128,Box Hill South,5567,1076000.0,12.0,1950000.0,785000.0,785000.0,950000.0,1400000.0,1950000.0,1204000.0,35.0,4000000.0,756000.0,5.0,3.0,495.0,44.0,1100.0,165.0
3019,Braybrook,5697,659000.0,35.0,850000.0,525000.0,562000.0,615000.0,702000.0,800000.0,650000.0,67.0,1499000.0,450000.0,5.0,1.0,400.0,81.0,600.0,150.0
3186,Brighton,5957,2975000.0,50.0,9750000.0,298000.0,1263000.0,1995000.0,4075000.0,6350000.0,3117000.0,145.0,22000000.0,290000.0,5.0,5.0,1000.0,141.0,3900.0,390.0
3187,Brighton East,5997,2060000.0,38.0,3500000.0,818000.0,873000.0,1740000.0,2300000.0,3380000.0,1895000.0,84.0,5000000.0,570000.0,4.0,4.0,790.0,89.0,2750.0,355.0
3012,Brooklyn,6227,799000.0,26.0,1284000.0,580000.0,580000.0,660000.0,930000.0,1260000.0,785000.0,62.0,1675000.0,295000.0,7.0,4.0,470.0,78.0,650.0,165.0
3057,Brunswick East,6427,1160000.0,15.0,1900000.0,720000.0,720000.0,920000.0,1550000.0,1900000.0,1125000.0,33.0,1850000.0,550000.0,9.0,6.0,550.0,101.0,995.0,264.0
3055,Brunswick West,6447,940000.0,18.0,2065000.0,525000.0,525000.0,770000.0,1276000.0,2065000.0,888000.0,39.0,2050000.0,380000.0,7.0,5.0,518.0,92.0,1150.0,270.0
3105,Bulleen,6707,911000.0,17.0,1220000.0,510000.0,510000.0,820000.0,1050000.0,1220000.0,1085000.0,58.0,3300000.0,490000.0,7.0,2.0,520.0,45.0,920.0,150.0
3121,Burnley,7117,1413000.0,40.0,4660000.0,818000.0,819000.0,1105000.0,1843000.0,2550000.0,1350000.0,96.0,4000000.0,350000.0,7.0,5.0,650.0,306.0,2500.0,300.0
3125,Burwood,7237,1230000.0,19.0,1785000.0,838000.0,838000.0,1020000.0,1380000.0,1785000.0,1270000.0,78.0,2400000.0,650000.0,12.0,8.0,533.0,106.0,900.0,205.0
3151,Burwood East,7327,992000.0,16.0,1520000.0,791000.0,791000.0,953000.0,1250000.0,1520000.0,1050000.0,43.0,1575000.0,415000.0,10.0,9.0,485.0,54.0,780.0,175.0
3037,Calder Park,104257,819000.0,22.0,966000.0,522000.0,525000.0,725000.0,860000.0,965000.0,750000.0,36.0,5985000.0,470000.0,7.0,3.0,450.0,19.0,670.0,370.0
3124,Camberwell,7677,1700000.0,31.0,4950000.0,740000.0,804000.0,1585000.0,2300000.0,4900000.0,1873000.0,101.0,6000000.0,690000.0,11.0,5.0,675.0,91.0,1745.0,220.0
3126,Canterbury,7907,2320000.0,13.0,3860000.0,900000.0,900000.0,1730000.0,3170000.0,3860000.0,2750000.0,47.0,42000000.0,735000.0,3.0,2.0,925.0,30.0,3800.0,495.0
3162,Caulfield,8687,1718000.0,22.0,2350000.0,1100000.0,1285000.0,1380000.0,1850000.0,2225000.0,1500000.0,41.0,2700000.0,890000.0,9.0,7.0,749.0,43.0,1250.0,350.0
3145,Caulfield East,8707,1808000.0,37.0,6250000.0,720000.0,790000.0,1168000.0,2200000.0,3610000.0,1785000.0,94.0,7850000.0,169000.0,14.0,13.0,550.0,130.0,2500.0,148.0
3161,Caulfield North,8747,1933000.0,23.0,5870000.0,1215000.0,1285000.0,1508000.0,3210000.0,4410000.0,1525000.0,36.0,9000000.0,300000.0,6.0,6.0,593.0,51.0,1360.0,320.0
3162,Caulfield South,8787,1718000.0,22.0,2350000.0,1100000.0,1285000.0,1380000.0,1850000.0,2225000.0,1500000.0,41.0,2700000.0,890000.0,9.0,7.0,749.0,43.0,1250.0,350.0
3148,Chadstone,8847,1102000.0,14.0,1640000.0,750000.0,750000.0,903000.0,1300000.0,1640000.0,1100000.0,39.0,3750000.0,760000.0,4.0,2.0,493.0,72.0,760.0,300.0
3196,Chelsea,8927,925000.0,21.0,3800000.0,600000.0,623000.0,750000.0,1202000.0,1717000.0,830000.0,34.0,3900000.0,499000.0,2.0,2.0,550.0,35.0,850.0,320.0
3196,Chelsea Heights,8937,925000.0,21.0,3800000.0,600000.0,623000.0,750000.0,1202000.0,1717000.0,830000.0,34.0,3900000.0,499000.0,2.0,2.0,550.0,35.0,850.0,320.0
3192,Cheltenham,8967,1001000.0,45.0,1650000.0,538000.0,624000.0,880000.0,1203000.0,1591000.0,996000.0,98.0,6958000.0,550000.0,23.0,14.0,525.0,90.0,950.0,350.0
3169,Clarinda,9257,750000.0,14.0,978000.0,460000.0,460000.0,660000.0,873000.0,978000.0,820000.0,67.0,1400000.0,399000.0,8.0,3.0,450.0,90.0,630.0,290.0
3169,Clayton South,9367,750000.0,14.0,978000.0,460000.0,460000.0,660000.0,873000.0,978000.0,820000.0,67.0,1400000.0,399000.0,8.0,3.0,450.0,90.0,630.0,290.0
3058,Coburg,9707,880000.0,23.0,1357000.0,386000.0,600000.0,715000.0,1001000.0,1250000.0,730000.0,30.0,4300000.0,125000.0,11.0,10.0,460.0,67.0,750.0,180.0
3058,Coburg North,9727,880000.0,23.0,1357000.0,386000.0,600000.0,715000.0,1001000.0,1250000.0,730000.0,30.0,4300000.0,125000.0,11.0,10.0,460.0,67.0,750.0,180.0
3048,Coolaroo,10107,520000.0,10.0,700000.0,442000.0,442000.0,460000.0,530000.0,700000.0,490000.0,65.0,700000.0,350000.0,4.0,1.0,370.0,56.0,500.0,320.0
3064,Craigieburn,10597,585000.0,37.0,790000.0,390000.0,411000.0,550000.0,652000.0,705000.0,560000.0,103.0,930000.0,374000.0,3.0,2.0,400.0,83.0,550.0,330.0
3121,Cremorne,10737,1413000.0,40.0,4660000.0,818000.0,819000.0,1105000.0,1843000.0,2550000.0,1350000.0,96.0,4000000.0,350000.0,7.0,5.0,650.0,306.0,2500.0,300.0
3037,Delahey,11547,819000.0,22.0,966000.0,522000.0,525000.0,725000.0,860000.0,965000.0,750000.0,36.0,5985000.0,470000.0,7.0,3.0,450.0,19.0,670.0,370.0
3089,Diamond Creek,11867,846000.0,25.0,1680000.0,640000.0,685000.0,760000.0,975000.0,1350000.0,880000.0,38.0,10200000.0,600000.0,5.0,5.0,520.0,15.0,990.0,370.0
3108,Doncaster,12177,1050000.0,31.0,1900000.0,700000.0,799000.0,921000.0,1350000.0,1800000.0,1183000.0,187.0,6500000.0,365000.0,9.0,3.0,555.0,141.0,1651.0,179.0
3109,Doncaster East,12227,1197000.0,58.0,2400000.0,772000.0,878000.0,1090000.0,1350000.0,1750000.0,1200000.0,186.0,6000000.0,485000.0,11.0,6.0,580.0,109.0,990.0,325.0
3111,Donvale,12247,1450000.0,26.0,2412000.0,770000.0,850000.0,1160000.0,1675000.0,2285000.0,1279000.0,67.0,3047000.0,385000.0,3.0,1.0,513.0,36.0,875.0,350.0
3754,Doreen,12307,598000.0,50.0,1056000.0,483000.0,523000.0,543000.0,650000.0,784000.0,560000.0,197.0,1950000.0,365000.0,8.0,7.0,390.0,111.0,550.0,235.0
3084,Eaglemont,13037,971000.0,13.0,1435000.0,671000.0,671000.0,797000.0,1195000.0,1435000.0,895000.0,17.0,2200000.0,655000.0,2.0,2.0,530.0,12.0,625.0,395.0
3196,Edithvale,13457,925000.0,21.0,3800000.0,600000.0,623000.0,750000.0,1202000.0,1717000.0,830000.0,34.0,3900000.0,499000.0,2.0,2.0,550.0,35.0,850.0,320.0
3184,Elwood,13717,2268000.0,28.0,5000000.0,1155000.0,1235000.0,1490000.0,2700000.0,3870000.0,2200000.0,64.0,4500000.0,280000.0,4.0,1.0,705.0,84.0,2500.0,290.0
3802,Endeavour Hills,13797,673000.0,55.0,1250000.0,524000.0,552000.0,601000.0,750000.0,980000.0,665000.0,127.0,2300000.0,450000.0,1.0,1.0,390.0,55.0,680.0,250.0
3076,Epping,13867,614000.0,45.0,890000.0,428000.0,520000.0,555000.0,695000.0,850000.0,550000.0,203.0,1200000.0,315000.0,12.0,7.0,380.0,172.0,1154.0,290.0
3040,Essendon West,13997,1338000.0,34.0,3400000.0,470000.0,733000.0,875000.0,1825000.0,2222000.0,1300000.0,85.0,4400000.0,289000.0,17.0,9.0,515.0,114.0,1000.0,275.0
3040,Essendon,13957,1338000.0,34.0,3400000.0,470000.0,733000.0,875000.0,1825000.0,2222000.0,1300000.0,85.0,4400000.0,289000.0,17.0,9.0,515.0,114.0,1000.0,275.0
3078,Fairfield,14197,1302000.0,14.0,1811000.0,725000.0,725000.0,958000.0,1515000.0,1811000.0,1275000.0,31.0,2600000.0,870000.0,6.0,5.0,588.0,42.0,1100.0,280.0
3060,Fawkner,14297,680000.0,33.0,1085000.0,402000.0,530000.0,600000.0,730000.0,828000.0,670000.0,53.0,6500000.0,395000.0,9.0,7.0,410.0,73.0,600.0,310.0
3065,Fitzroy,14527,1390000.0,10.0,2150000.0,880000.0,880000.0,1205000.0,1525000.0,2150000.0,1480000.0,19.0,3250000.0,1085000.0,5.0,5.0,720.0,100.0,2800.0,250.0
3031,Flemington,14617,1133000.0,20.0,2000000.0,680000.0,680000.0,850000.0,1350000.0,1750000.0,1000000.0,38.0,2350000.0,490000.0,10.0,7.0,550.0,105.0,1500.0,350.0
3011,Footscray,14717,1120000.0,20.0,2235000.0,600000.0,600000.0,900000.0,1262000.0,2120000.0,1000000.0,34.0,2000000.0,650000.0,5.0,4.0,510.0,52.0,960.0,320.0
3131,Forest Hill,14827,996000.0,17.0,1780000.0,650000.0,650000.0,850000.0,1173000.0,1780000.0,950000.0,40.0,4320000.0,620000.0,4.0,3.0,450.0,45.0,795.0,340.0
3199,Frankston,14947,840000.0,74.0,5850000.0,600000.0,650000.0,736000.0,1165000.0,1650000.0,849000.0,125.0,5985000.0,420000.0,6.0,3.0,490.0,49.0,1050.0,350.0
3200,Frankston North,15007,476000.0,18.0,505000.0,442000.0,442000.0,450000.0,490000.0,505000.0,430000.0,49.0,640000.0,340000.0,2.0,1.0,340.0,34.0,410.0,250.0
3199,Frankston South,15027,840000.0,74.0,5850000.0,600000.0,650000.0,736000.0,1165000.0,1650000.0,849000.0,125.0,5985000.0,420000.0,6.0,3.0,490.0,49.0,1050.0,350.0
3146,Glen Iris,15907,2033000.0,40.0,3150000.0,765000.0,900000.0,1770000.0,2500000.0,3050000.0,1950000.0,119.0,4000000.0,700000.0,12.0,6.0,675.0,101.0,2000.0,270.0
3150,Glen Waverley,15957,1188000.0,30.0,2869000.0,880000.0,910000.0,1110000.0,1256000.0,2750000.0,1280000.0,64.0,6700000.0,200000.0,7.0,4.0,530.0,55.0,1250.0,400.0
3046,Glenroy,16477,750000.0,23.0,1115000.0,480000.0,585000.0,665000.0,900000.0,1050000.0,700000.0,39.0,1125000.0,70000.0,7.0,4.0,420.0,53.0,750.0,290.0
3059,Greenvale,17317,735000.0,51.0,1830000.0,350000.0,365000.0,620000.0,885000.0,1330000.0,633000.0,438.0,4700000.0,266000.0,19.0,10.0,430.0,82.0,800.0,310.0
3046,Hadfield,17537,750000.0,23.0,1115000.0,480000.0,585000.0,665000.0,900000.0,1050000.0,700000.0,39.0,1125000.0,70000.0,7.0,4.0,420.0,53.0,750.0,290.0
3188,Hampton,17737,1113000.0,18.0,1710000.0,728000.0,728000.0,835000.0,1310000.0,1710000.0,1175000.0,26.0,1700000.0,650000.0,9.0,3.0,573.0,38.0,1400.0,325.0
3188,Hampton East,17757,1113000.0,18.0,1710000.0,728000.0,728000.0,835000.0,1310000.0,1710000.0,1175000.0,26.0,1700000.0,650000.0,9.0,3.0,573.0,38.0,1400.0,325.0
3122,Hawthorn,18087,2725000.0,22.0,7850000.0,840000.0,1410000.0,2000000.0,3450000.0,4740000.0,2125000.0,57.0,40000000.0,465000.0,7.0,6.0,620.0,123.0,2821.0,240.0
3123,Hawthorn East,18117,2335000.0,18.0,5960000.0,1288000.0,1288000.0,1785000.0,2850000.0,5960000.0,1925000.0,47.0,4000000.0,399000.0,2.0,1.0,600.0,89.0,3000.0,190.0
3084,Heidelberg,18387,971000.0,13.0,1435000.0,671000.0,671000.0,797000.0,1195000.0,1435000.0,895000.0,17.0,2200000.0,655000.0,2.0,2.0,530.0,12.0,625.0,395.0
3190,Highett,18717,1240000.0,30.0,1556000.0,600000.0,790000.0,1031000.0,1400000.0,1551000.0,1235000.0,47.0,1550000.0,590000.0,16.0,10.0,650.0,47.0,1000.0,325.0
3037,Hillside,18837,819000.0,22.0,966000.0,522000.0,525000.0,725000.0,860000.0,965000.0,750000.0,36.0,5985000.0,470000.0,7.0,3.0,450.0,19.0,670.0,370.0
3166,Hughesdale,19257,967000.0,15.0,1210000.0,426000.0,426000.0,895000.0,1100000.0,1210000.0,870000.0,26.0,4450000.0,380000.0,8.0,5.0,500.0,77.0,1600.0,230.0
3166,Huntingdale,19317,967000.0,15.0,1210000.0,426000.0,426000.0,895000.0,1100000.0,1210000.0,870000.0,26.0,4450000.0,380000.0,8.0,5.0,500.0,77.0,1600.0,230.0
3021,Kealba,20817,600000.0,65.0,1550000.0,385000.0,422000.0,540000.0,685000.0,1100000.0,600000.0,186.0,1460000.0,355000.0,3.0,2.0,358.0,174.0,1200.0,200.0
3038,Keilor Downs,20887,800000.0,12.0,1220000.0,665000.0,665000.0,720000.0,845000.0,1220000.0,800000.0,32.0,1770000.0,560000.0,2.0,1.0,420.0,19.0,2043.0,355.0
3033,Keilor East,20897,828000.0,28.0,1300000.0,635000.0,675000.0,705000.0,910000.0,1225000.0,864000.0,47.0,2400000.0,15000.0,12.0,7.0,450.0,71.0,750.0,340.0
3038,Keilor Lodge,20917,800000.0,12.0,1220000.0,665000.0,665000.0,720000.0,845000.0,1220000.0,800000.0,32.0,1770000.0,560000.0,2.0,1.0,420.0,19.0,2043.0,355.0
3042,Keilor Park,20957,1058000.0,19.0,1775000.0,695000.0,695000.0,901000.0,1242000.0,1775000.0,985000.0,41.0,2900000.0,640000.0,11.0,9.0,470.0,31.0,1000.0,280.0
3031,Kensington,21037,1133000.0,20.0,2000000.0,680000.0,680000.0,850000.0,1350000.0,1750000.0,1000000.0,38.0,2350000.0,490000.0,10.0,7.0,550.0,105.0,1500.0,350.0
3101,Kew,21137,2173000.0,30.0,4311000.0,725000.0,825000.0,1775000.0,2775000.0,3819000.0,2260000.0,118.0,16950000.0,400000.0,14.0,7.0,720.0,105.0,3500.0,200.0
3102,Kew East,21167,1750000.0,14.0,2266000.0,1050000.0,1050000.0,1577000.0,1840000.0,2266000.0,1874000.0,19.0,5800000.0,1000000.0,1.0,1.0,733.0,14.0,1450.0,380.0
3021,Kings Park,21657,600000.0,65.0,1550000.0,385000.0,422000.0,540000.0,685000.0,1100000.0,600000.0,186.0,1460000.0,355000.0,3.0,2.0,358.0,174.0,1200.0,200.0
3012,Kingsville,21717,799000.0,26.0,1284000.0,580000.0,580000.0,660000.0,930000.0,1260000.0,785000.0,62.0,1675000.0,295000.0,7.0,4.0,470.0,78.0,650.0,165.0
3144,Kooyong,22117,2750000.0,22.0,6300000.0,1235000.0,1545000.0,2200000.0,3825000.0,5150000.0,2675000.0,56.0,7000000.0,530000.0,6.0,5.0,723.0,44.0,1650.0,345.0
3075,Lalor,22937,621000.0,26.0,1240000.0,528000.0,550000.0,600000.0,690000.0,951000.0,640000.0,81.0,988000.0,350000.0,8.0,5.0,370.0,91.0,500.0,290.0
3140,Lilydale,23747,675000.0,55.0,1964000.0,470000.0,510000.0,560000.0,845000.0,1380000.0,737000.0,148.0,1800000.0,415000.0,1.0,1.0,405.0,30.0,565.0,295.0
3012,Maidstone,24877,799000.0,26.0,1284000.0,580000.0,580000.0,660000.0,930000.0,1260000.0,785000.0,62.0,1675000.0,295000.0,7.0,4.0,470.0,78.0,650.0,165.0
3144,Malvern,25047,2750000.0,22.0,6300000.0,1235000.0,1545000.0,2200000.0,3825000.0,5150000.0,2675000.0,56.0,7000000.0,530000.0,6.0,5.0,723.0,44.0,1650.0,345.0
3145,Malvern East,25077,1808000.0,37.0,6250000.0,720000.0,790000.0,1168000.0,2200000.0,3610000.0,1785000.0,94.0,7850000.0,169000.0,14.0,13.0,550.0,130.0,2500.0,148.0
3048,Meadow Heights,25717,520000.0,10.0,700000.0,442000.0,442000.0,460000.0,530000.0,700000.0,490000.0,65.0,700000.0,350000.0,4.0,1.0,370.0,56.0,500.0,320.0
3754,Mernda,26237,598000.0,50.0,1056000.0,483000.0,523000.0,543000.0,650000.0,784000.0,560000.0,197.0,1950000.0,365000.0,8.0,7.0,390.0,111.0,550.0,235.0
3064,Mickleham,26487,585000.0,37.0,790000.0,390000.0,411000.0,550000.0,652000.0,705000.0,560000.0,103.0,930000.0,374000.0,3.0,2.0,400.0,83.0,550.0,330.0
3082,Mill Park,26637,705000.0,38.0,888000.0,500000.0,510000.0,638000.0,800000.0,865000.0,650000.0,68.0,1255000.0,150000.0,20.0,17.0,385.0,82.0,3969.0,300.0
3132,Mitcham,26977,941000.0,31.0,1700000.0,490000.0,686000.0,852000.0,1150000.0,1290000.0,1000000.0,66.0,4800000.0,480000.0,12.0,7.0,460.0,73.0,650.0,330.0
3127,Mont Albert,27307,1809000.0,13.0,4450000.0,780000.0,780000.0,1500000.0,2020000.0,4450000.0,1650000.0,41.0,4550000.0,580000.0,5.0,3.0,540.0,52.0,1295.0,150.0
3129,Mont Albert North,27337,1338000.0,14.0,1733000.0,901000.0,901000.0,966000.0,1438000.0,1733000.0,1400000.0,35.0,2800000.0,795000.0,4.0,3.0,550.0,23.0,1000.0,390.0
3094,Montmorency,27387,920000.0,17.0,1475000.0,699000.0,699000.0,815000.0,1271000.0,1475000.0,865000.0,29.0,3350000.0,420000.0,3.0,3.0,465.0,14.0,650.0,390.0
3039,Moonee Ponds,27497,1254000.0,22.0,1930000.0,418000.0,680000.0,910000.0,1420000.0,1775000.0,1190000.0,51.0,8000000.0,350000.0,11.0,7.0,520.0,106.0,1100.0,325.0
3149,Mount Waverley,28457,1218000.0,50.0,2231000.0,646000.0,790000.0,1090000.0,1331000.0,1870000.0,1250000.0,183.0,5400000.0,600000.0,16.0,13.0,518.0,154.0,1000.0,310.0
3170,Mulgrave,29167,932000.0,24.0,1318000.0,682000.0,715000.0,755000.0,1063000.0,1250000.0,932000.0,54.0,1260000.0,400000.0,4.0,2.0,445.0,98.0,1250.0,210.0
3042,Niddrie,30687,1058000.0,19.0,1775000.0,695000.0,695000.0,901000.0,1242000.0,1775000.0,985000.0,41.0,2900000.0,640000.0,11.0,9.0,470.0,31.0,1000.0,280.0
3051,North Melbourne,31037,1152000.0,10.0,1390000.0,707000.0,707000.0,900000.0,1300000.0,1390000.0,1295000.0,30.0,2400000.0,25000.0,1.0,1.0,580.0,116.0,2000.0,50.0
3070,Northcote,31107,1355000.0,41.0,2320000.0,720000.0,760000.0,1060000.0,1725000.0,1958000.0,1298000.0,68.0,2640000.0,620000.0,22.0,17.0,628.0,142.0,1300.0,300.0
3131,Nunawading,31307,996000.0,17.0,1780000.0,650000.0,650000.0,850000.0,1173000.0,1780000.0,950000.0,40.0,4320000.0,620000.0,4.0,3.0,450.0,45.0,795.0,340.0
3046,Oak Park,31507,750000.0,23.0,1115000.0,480000.0,585000.0,665000.0,900000.0,1050000.0,700000.0,39.0,1125000.0,70000.0,7.0,4.0,420.0,53.0,750.0,290.0
3166,Oakleigh,31547,967000.0,15.0,1210000.0,426000.0,426000.0,895000.0,1100000.0,1210000.0,870000.0,26.0,4450000.0,380000.0,8.0,5.0,500.0,77.0,1600.0,230.0
3166,Oakleigh East,31567,967000.0,15.0,1210000.0,426000.0,426000.0,895000.0,1100000.0,1210000.0,870000.0,26.0,4450000.0,380000.0,8.0,5.0,500.0,77.0,1600.0,230.0
3167,Oakleigh South,31597,935000.0,23.0,1600000.0,710000.0,720000.0,855000.0,1066000.0,1382000.0,943000.0,38.0,1750000.0,640000.0,9.0,6.0,510.0,46.0,750.0,330.0
3044,Pascoe Vale South,32177,845000.0,39.0,1520000.0,565000.0,585000.0,720000.0,965000.0,1414000.0,799000.0,78.0,1540000.0,380000.0,22.0,10.0,420.0,149.0,800.0,270.0
3044,Pascoe Vale,32147,845000.0,39.0,1520000.0,565000.0,585000.0,720000.0,965000.0,1414000.0,799000.0,78.0,1540000.0,380000.0,22.0,10.0,420.0,149.0,800.0,270.0
3207,Port Melbourne,33267,1477000.0,18.0,4675000.0,1100000.0,1100000.0,1325000.0,1860000.0,4675000.0,1350000.0,56.0,4700000.0,460000.0,4.0,3.0,675.0,156.0,2200.0,345.0
3072,Preston,33507,990000.0,41.0,2300000.0,613000.0,655000.0,820000.0,1125000.0,1375000.0,875000.0,117.0,3050000.0,580000.0,12.0,7.0,495.0,199.0,1060.0,250.0
3073,Reservoir,34167,697000.0,83.0,1373000.0,506000.0,532000.0,610000.0,848000.0,1110000.0,710000.0,250.0,1950000.0,390000.0,42.0,23.0,420.0,327.0,950.0,270.0
3121,Richmond,34297,1413000.0,40.0,4660000.0,818000.0,819000.0,1105000.0,1843000.0,2550000.0,1350000.0,96.0,4000000.0,350000.0,7.0,5.0,650.0,306.0,2500.0,300.0
3084,Rosanna,34817,971000.0,13.0,1435000.0,671000.0,671000.0,797000.0,1195000.0,1435000.0,895000.0,17.0,2200000.0,655000.0,2.0,2.0,530.0,12.0,625.0,395.0
3939,Rosebud,34867,628000.0,107.0,2100000.0,400000.0,470000.0,584000.0,795000.0,1150000.0,633000.0,156.0,2185000.0,56000.0,4.0,2.0,400.0,51.0,760.0,280.0
3178,Rowville,35057,850000.0,57.0,1200000.0,648000.0,663000.0,777000.0,935000.0,1110000.0,800000.0,107.0,1990000.0,525000.0,6.0,5.0,485.0,64.0,650.0,350.0
3064,Roxburgh Park,35077,585000.0,37.0,790000.0,390000.0,411000.0,550000.0,652000.0,705000.0,560000.0,103.0,930000.0,374000.0,3.0,2.0,400.0,83.0,550.0,330.0
3021,St Albans,37177,600000.0,65.0,1550000.0,385000.0,422000.0,540000.0,685000.0,1100000.0,600000.0,186.0,1460000.0,355000.0,3.0,2.0,358.0,174.0,1200.0,200.0
3191,Sandringham,35637,1829000.0,23.0,4670000.0,320000.0,1100000.0,1492000.0,2300000.0,3470000.0,1650000.0,35.0,4600000.0,300000.0,8.0,7.0,820.0,44.0,2600.0,290.0
3198,Seaford,35867,690000.0,48.0,1250000.0,343000.0,524000.0,570000.0,815000.0,1050000.0,690000.0,92.0,1400000.0,300000.0,2.0,2.0,425.0,65.0,850.0,295.0
3011,Seddon,35997,1120000.0,20.0,2235000.0,600000.0,600000.0,900000.0,1262000.0,2120000.0,1000000.0,34.0,2000000.0,650000.0,5.0,4.0,510.0,52.0,960.0,320.0
3205,South Melbourne,36797,1577000.0,16.0,3175000.0,990000.0,990000.0,1235000.0,2115000.0,3175000.0,1583000.0,50.0,3465000.0,300000.0,7.0,6.0,550.0,113.0,1500.0,299.0
3752,South Morang,36827,615000.0,51.0,1083000.0,510000.0,521000.0,545000.0,725000.0,930000.0,580000.0,122.0,3000000.0,370000.0,17.0,12.0,420.0,81.0,550.0,250.0
3141,South Yarra,36877,1757000.0,19.0,6000000.0,1235000.0,1235000.0,1450000.0,2700000.0,6000000.0,1900000.0,69.0,19000000.0,340000.0,5.0,3.0,620.0,193.0,2800.0,36.0
3171,Springvale,37117,735000.0,27.0,1075000.0,470000.0,520000.0,630000.0,830000.0,1055000.0,748000.0,84.0,1995000.0,300000.0,4.0,2.0,410.0,101.0,570.0,150.0
3020,Sunshine,38277,600000.0,22.0,765000.0,417000.0,500000.0,540000.0,659000.0,699000.0,600000.0,70.0,1100000.0,400000.0,4.0,2.0,375.0,96.0,550.0,300.0
3020,Sunshine North,38287,600000.0,22.0,765000.0,417000.0,500000.0,540000.0,659000.0,699000.0,600000.0,70.0,1100000.0,400000.0,4.0,2.0,375.0,96.0,550.0,300.0
3020,Sunshine West,38297,600000.0,22.0,765000.0,417000.0,500000.0,540000.0,659000.0,699000.0,600000.0,70.0,1100000.0,400000.0,4.0,2.0,375.0,96.0,550.0,300.0
3127,Surrey Hills,38357,1809000.0,13.0,4450000.0,780000.0,780000.0,1500000.0,2020000.0,4450000.0,1650000.0,41.0,4550000.0,580000.0,5.0,3.0,540.0,52.0,1295.0,150.0
3037,Sydenham,38547,819000.0,22.0,966000.0,522000.0,525000.0,725000.0,860000.0,965000.0,750000.0,36.0,5985000.0,470000.0,7.0,3.0,450.0,19.0,670.0,370.0
3037,Taylors Hill,39447,819000.0,22.0,966000.0,522000.0,525000.0,725000.0,860000.0,965000.0,750000.0,36.0,5985000.0,470000.0,7.0,3.0,450.0,19.0,670.0,370.0
3038,Taylors Lakes,39487,800000.0,12.0,1220000.0,665000.0,665000.0,720000.0,845000.0,1220000.0,800000.0,32.0,1770000.0,560000.0,2.0,1.0,420.0,19.0,2043.0,355.0
3106,Templestowe,39607,1350000.0,32.0,2650000.0,925000.0,940000.0,1090000.0,1769000.0,2460000.0,1449000.0,97.0,4500000.0,714000.0,4.0,2.0,620.0,57.0,1995.0,450.0
3107,Templestowe Lower,39637,1135000.0,26.0,1520000.0,730000.0,785000.0,980000.0,1250000.0,1415000.0,1100000.0,91.0,2200000.0,720000.0,4.0,2.0,540.0,49.0,775.0,400.0
3074,Thomastown,39897,640000.0,15.0,810000.0,560000.0,560000.0,595000.0,670000.0,810000.0,614000.0,50.0,949000.0,440000.0,12.0,4.0,370.0,83.0,600.0,185.0
3071,Thornbury,39937,1190000.0,25.0,1950000.0,620000.0,650000.0,817000.0,1355000.0,1730000.0,1100000.0,47.0,1850000.0,320000.0,13.0,10.0,578.0,132.0,860.0,260.0
3142,Toorak,40457,5000000.0,29.0,23000000.0,1235000.0,1235000.0,3480000.0,8100000.0,19000000.0,4800000.0,86.0,24000000.0,430000.0,4.0,3.0,1150.0,69.0,4606.0,300.0
3012,Tottenham,40547,799000.0,26.0,1284000.0,580000.0,580000.0,660000.0,930000.0,1260000.0,785000.0,62.0,1675000.0,295000.0,7.0,4.0,470.0,78.0,650.0,165.0
3133,Vermont,41507,1200000.0,21.0,3200000.0,780000.0,780000.0,1020000.0,1250000.0,1423000.0,1165000.0,48.0,3600000.0,800000.0,4.0,1.0,520.0,39.0,625.0,410.0
3133,Vermont South,41517,1200000.0,21.0,3200000.0,780000.0,780000.0,1020000.0,1250000.0,1423000.0,1165000.0,48.0,3600000.0,800000.0,4.0,1.0,520.0,39.0,625.0,410.0
3084,Viewbank,41617,971000.0,13.0,1435000.0,671000.0,671000.0,797000.0,1195000.0,1435000.0,895000.0,17.0,2200000.0,655000.0,2.0,2.0,530.0,12.0,625.0,395.0
3152,Wantirna,42327,899000.0,24.0,1300000.0,626000.0,632000.0,790000.0,1120000.0,1300000.0,905000.0,61.0,2380000.0,490000.0,5.0,4.0,460.0,67.0,775.0,350.0
3152,Wantirna South,42337,899000.0,24.0,1300000.0,626000.0,632000.0,790000.0,1120000.0,1300000.0,905000.0,61.0,2380000.0,490000.0,5.0,4.0,460.0,67.0,775.0,350.0
3012,West Footscray,43407,799000.0,26.0,1284000.0,580000.0,580000.0,660000.0,930000.0,1260000.0,785000.0,62.0,1675000.0,295000.0,7.0,4.0,470.0,78.0,650.0,165.0
3049,Westmeadows,43577,599000.0,21.0,765000.0,470000.0,480000.0,518000.0,630000.0,730000.0,580000.0,44.0,900000.0,382000.0,5.0,5.0,393.0,30.0,500.0,260.0
3150,Wheelers Hill,43647,1188000.0,30.0,2869000.0,880000.0,910000.0,1110000.0,1256000.0,2750000.0,1280000.0,64.0,6700000.0,200000.0,7.0,4.0,530.0,55.0,1250.0,400.0
3024,Wyndham Vale,45307,502000.0,48.0,710000.0,380000.0,408000.0,447000.0,565000.0,670000.0,498000.0,744.0,865000.0,212000.0,2.0,1.0,350.0,168.0,470.0,170.0
3013,Yarraville,45777,1030000.0,49.0,2600000.0,600000.0,640000.0,895000.0,1250000.0,1720000.0,990000.0,93.0,2400000.0,600000.0,17.0,8.0,515.0,132.0,1100.0,295.0
